{"cameraMode":{"drawMode":0,"name":"Shaded","section":"Shading Mode"},"sceneLighting":true,"audioPlay":false,"sceneViewState":{"showFog":true,"showMaterialUpdate":false,"showSkybox":true,"showFlares":true,"showImageEffects":true,"showParticleSystems":true},"in2DMode":false,"pivot":{"x":569.0691528320313,"y":234.5692901611328,"z":-273.7718505859375},"rotation":{"x":-0.07972545921802521,"y":0.0002810897713061422,"z":-0.000019174203771399334,"w":-0.9968245029449463},"size":609.4907836914063,"orthographic":false}